usuario,justificativa,tipo,valor,responsavel,data,localidade
MOISÉS ROCHA DOS SANTOS,"Participar DIÁRIAS PARA PARTICIPAR DA FEIRA DE EMPREENDEDORISMO E NEGÓCIOS DO CARNAVAL, EVENTO CONHECIDO COMO CARNAVÁLIA - SAMBACON, QUE ACONTECERÁ NOS DIAS 26, 27 E 28 DE JULHO DE 2018, NA CIDADE DO RIO DE JANEIRO.

SAÍDA - DIA 26/07/2018 ÀS 04:40 h
CHEGADA - DIA 28/07/2018 ÀS 18:50 h

CONFORME PROCESSO Nº 1274/2018.",Diária,"R$ 652,75",Moisés Rocha,26/07/2018,Rio de Janeiro
RAFAELA ARAUJO CASTELO BRANCO VERAS,"Participar XIX ENCONTRO NACIONAL DE TAQUIGRAFIA PARLAMENTAR E JUDICIÁRIA, EM EVENTO VINCULADO À XXII CONFERÊNCIA NACIONAL DA UNIÃO NACIONAL DOS LEGISLATIVOS - UNALE, O QUAL SERÁ REALIZADO EM GRAMADO/RS, NO PERÍODO DE 09 A 11 DE MAIO DE 2018. 

SAÍDA - DIA 08/05/2018 ÀS 05:00 h
CHEGADA - DIA 13/05/2018 ÀS 02:40 h
CONFORME PROCESSO Nº 764/2018",Diária,"R$ 1.029,58",Diretoria Legislativa - Direl,08/05/2018,GRAMADO/RS
MARIA ESTER DE MELO COELHO,"Participar XIX ENCONTRO NACIONAL DE TAQUIGRAFIA PARLAMENTAR E JUDICIÁRIA, EM EVENTO VINCULADO À XXII CONFERÊNCIA NACIONAL DA UNIÃO NACIONAL DOS LEGISLATIVOS - UNALE, O QUAL SERÁ REALIZADO EM GRAMADO/RS, NO PERÍODO DE 09 A 11 DE MAIO DE 2018.

SAÍDA - DIA 08/05/2018 ÀS 08:55 h
CHEGADA - DIA 13/05/2018 ÀS 02:40 h
CONFORME PROCESSO Nº 763/2018.",Diária,"R$ 995,31",Diretoria Legislativa - Direl,08/05/2018,GRAMADO/RS
DILSON DO ESPÍRITO SANTO FILHO,"Participar DO 13º CONGRESSO BRASILEIRO DE PREGOEIROS, A SER REALIZADO NOS DIAS 19 A 22/03/2018, NA CIDADE DE FOZ DO IGUAÇU-PR.

SAÍDA - DIA 18/03/2018 ÀS 05:18 h
CHEGADA - DIA 24/03/2018 ÀS 19:55 h
CONFORME PROCESSO Nº 407/2018.
SERVIDOR: DILSON DO ESPÍRITO SANTO FILHO.",Diária,"R$ 1.387,90",Diretoria Administrativa - Dirad,18/03/2018,FOZ DO IGUAÇU-PR
LUCIANA DE MORAIS SENA,"Participar DO 13º CONGRESSO BRASILEIRO DE PREGOEIROS, A SER REALIZADO NOS DIAS 19 A 22/03/2018, NA CIDADE DE FOZ DO IGUAÇU-PR.

SAÍDA - DIA 18/03/2018 ÀS 05:18 h
CHEGADA - DIA 24/03/2018 ÀS 19:55 h
CONFORME PROCESSO Nº 407/2018.
SERVIDOR: LUCIANA DE MORAIS SENA.",Diária,"R$ 1.387,90",Diretoria Administrativa - Dirad,18/03/2018,FOZ DO IGUAÇU-PR
DECIO MARTINS MENDES FILHO,"Participar DIÁRIAS PARA A MISSÃO LEGISLATIVA EM LISBOA - PORTUGAL, NO PERÍODO DE 14 A 17 DE MARÇO DE 2018.
SAÍDA - DIA 13/03/2018 ÀS 23:50 h
CHEGADA - DIA 18/03/2018 ÀS 22:10 h
PROCESSO Nº 371/2018",Diária,"R$ 7.373,89",Diretoria Administrativa - Dirad,14/03/2018,LISBOA - PORTUGAL
PRESIDENTE LEO PRATES,"Participar DIÁRIAS PARA A MISSÃO LEGISLATIVA EM LISBOA - PORTUGAL, NO PERÍODO DE 14 A 17 DE MARÇO DE 2018.
SAÍDA - DIA 13/03/2018 ÀS 23:50 h
CHEGADA - DIA 18/03/2018 ÀS 22:10 h
PROCESSO Nº 370/2018",Diária,"R$ 7.373,89",Leo Prates,14/03/2018,LISBOA - PORTUGAL
DANIEL VIANNA ALVES DE ALMEIDA,"Participar DIÁRIAS PARA A MISSÃO LEGISLATIVA EM LISBOA - PORTUGAL, NO PERÍODO DE 14 A 17 DE MARÇO DE 2018.
SAÍDA - DIA 13/03/2018 ÀS 23:50 h
CHEGADA - DIA 18/03/2018 ÀS 22:10 h

PROCESSO Nº 372/2018",Diária,"R$ 7.373,89",Leo Prates,14/03/2018,LISBOA - PORTUGAL
Vereador: Luiz Carlos Santos Lima,"Representar a Câmara no 11º Seminário Nacional Ouvidores e Ouvidorias: instâncias para o exercício da Cidadania, na cidade de Brasília/DF, nos dias 25 e 26 de outubro de 2017, conforme CI Nº 68/2017.",Diária,"R$ 584,85",Luiz Carlos,24/10/2017,Brasília/DF
Thamires da Silva Almeida,"Representar a Câmara no 11º Seminário Nacional Ouvidores e Ouvidorias: instâncias para o exercício da Cidadania, na cidade de Brasília/DF, nos dias 25 e 26 de outubro de 2017, conforme CI Nº 68/2017.",Diária,"R$ 584,85",Presidência,24/10/2017,Brsília/DF
Rafaela Oliveira Santos,"Representar a Câmara no 11º Seminário Nacional Ouvidores e Ouvidorias: instâncias para o exercício da Cidadania, na cidade de Brasília/DF, nos dias 25 e 26 de outubro de 2017, conforme CI Nº 68/2017.",Diária,"R$ 584,85",Presidência,24/10/2017,Brasília/DF
Vereador: Felipe Lucas de Lima e Silva,"Representar a Câmara no projeto Bahia Week Festival 2017, na Cidade da Filadélfia (Pensilvânia) no Estados Unidos/EUA, no período de 10 a 14 de outubro de 2017, conforme CI nº 085/2017.",Diária,"R$ 7.707,05",Felipe Lucas,10/10/2017,Na Cidade da Filadélfia (Pensilvânia) no Estados Unidos / EUA
Vereadora: Marcelle Carvalho de Moraes,"Representar a Câmara no 1º encontro Brasileiro de Vereadores defensores da causa animal, em São Paulo/SP, no período de 4 a 6 de outubro de 2017. E no projeto bicharada, na Cidade de Praia Grande /SP no dia 7 de outubro, conforme Ci nº 092/2017.",Diária,"R$ 1.216,07",Marcelle Moraes,04/10/2017,Na Cidade de São Paulo / SP
Vereador: Silvio Humberto,"Participar como palestrante do Simpósio: Políticas Públicas e Genocídio da População Negra, promovido pelo NEAB/UFPB, em João Pessoa/PB, na sede do MPF/PRPB, nos dias 30 e 31 de agosto de 2017, conforme a CI Nº 401/2017.",Diária,"R$ 329,87",Sílvio Humberto,30/08/2017,João Pessoa/PB
José Pacheco Maia Filho,"Participar de reunião, representando a Fundação Cosme de Farias, que tratará de assuntos relacionados à implantação da Rádio Câmara, no dia 9 de agosto de 2017.",Diária,"R$ 210,00",Diretoria Administrativa - Dirad,09/08/2017,Brasília/DF
Vereador: Moisés Rocha,"Participar como Presidente da Comissão Especial do Carnaval, da feira de empreendedorismo e negócios do carnaval, na Cidade do Rio de Janeiro nos dias 13,14 e 15 de julho de 2017.",Diária,"R$ 586,78",Moisés Rocha,13/07/2017,Rio de Janeiro /RJ
Vereador: Alexandre Aleluia Dantas da Costa,"Visitar oficialmente a Câmara de Vereadores de São Paulo, em virtude do convite realizado pelo vereador Milton Leite, com a finalidade de conhecer o processo legislativo e os projetos que ali tramitam, na cidade de São Paulo/SP, nos dias 22 e 23 de junho de 2017, conforme ci nº 16/2017.",Diária,"R$ 294,53",Alexandre Aleluia,22/06/2017,São Paulo/SP
Presidente: Leonardo Silva Prates,"Representar a Câmara junto ao Senado Federal, no que se refere a assinatura do Protocolo de Intenções, por meio do Instituto Legislativo Brasileiro, no dia 14 de junho de 2017.",Diária,"R$ 336,00",Leo Prates,14/06/2017,Brasília/DF
Vereadora: Marta Rodrigues Sousa de Brito Costa,"Representar a Câmara junto ao Senado Federal, no que se refere a assinatura do Protocolo de Intenções, por meio do Instituto Legislativo Brasileiro, no dia 14 de junho de 2017.",Diária,"R$ 336,00",Marta Rodrigues,14/06/2017,Brasília/DF
Assistente da Presidência: Vivaldo Evangelista Ribeiro,"Representar a Câmara junto ao Senado Federal, no que se refere a assinatura do Protocolo de Intenções, por meio do Instituto Legislativo Brasileiro, no dia 14 de junho de 2017.",Diária,"R$ 336,00",Presidência,14/06/2017,Brasília/DF
Vereador: Antônio Carolino Araujo Filho,"Representar a Câmara junto ao Senado Federal, no que se refere a assinatura do Protocolo de Intenções, por meio do Instituto Legislativo Brasileiro, no dia 14 de junho de 2017.",Diária,"R$ 336,00",Toinho Carolino,14/06/2017,Brasília/DF
Servidora: Fernanda Oliveira Cerqueira Lima Pelissier,Representar a Câmara no XVIII Encontro Nacional de Taquigrafia Parlamentar e Judiciária que ocorrerá no período de 7 a 9 de julho de 2017.,Diária,"R$ 681,10",Diretoria Legislativa - Direl,06/06/2017,Foz do Iguaçu/PR
Servidora: Rafaela Araujo Castelo Branco Veras,Representar a Câmara no XVIII Encontro Nacional de Taquigrafia Parlamentar e Judiciária que ocorrerá no período de 7 a 9 de julho de 2017.,Diária,"R$ 681,10",Diretoria Legislativa - Direl,06/06/2017,Foz do Iguaço/PR
Presidente: Leonardo Silva Prates,"Participar da XVII Assembléia Geral Ordinária da Astral, no dia 7 de julho de 2017.",Diária,"R$ 381,27",Leo Prates,06/06/2017,Foz do Iguaço/PR
Veredor: Luiz Carlos de Souza,"Participar da XVII Assembléia Geral Ordinária da Astral, no dia 7 de julho de 2017.",Diária,"R$ 381,27",Luiz Carlos,06/06/2017,Foz do Iguaço/PR
VEREADORA VÂNIA GALVÃO,"Participar DO SEMINÁRIO DA COMISSÃO DE DIREITOS HUMANOS E LEGISLAÇÃO PARTICIPATIVA DO SENADO FEDERAL, EM BRASÍLIA - DF, NO DIA 06/07/2016.",Diária,"R$ 159,78",Vânia Galvão,06/07/2016,BRASÍLIA - DF
VEREADOR KIKI BISPO,"Representar a Câmara EM INTERESSES REFERENTES A MESA DIRETORA JUNTO AO CONGRESSO NACIONAL, EM BRASILIA - DF NOS DIA 06 E 07/06/0216.",Diária,"R$ 422,97",Kiki Bispo,06/06/2016,BRASILIA - DF
VEREADOR LEANDRO GUERRILHA,"Participar DE EVENTO EM QUE SERÁ ABORDADO O TEMA (POLITICAS PÚBLICAS PARA A MULHER), EM BRASILIA - DF NOS DIAS 06 E 07/06/2016.",Diária,"R$ 422,97",Leandro Guerrilha,06/06/2016,Brasilia - DF
VEREADORA VÂNIA GALVÃO,"Participar DA 4ª CONFERÊNCIA NACIONAL DE POLÍTICAS PARA AS MULHERES, A SER REALIZADA EM BRASÍLIA - DF, NOS DIAS 10 A 13/05/2016.",Diária,"R$ 851,20",Vânia Galvão,10/05/2016,BRASÍLIA - DF
Alexandro Soares Rangel,Participar DO 11º CONGRESSO BRASILEIRO DE PREGOEIROS QUE SERÁ REALIZADO NOS DIAS 14 A 17/03/2016.,Diária,"R$ 1.146,69",Diretoria Administrativa - Dirad,14/03/2016,Foz do Iguaçu-PR
Wellington Wanderley Sacramento,Participar DO 11º CONGRESSO BRASILEIRO DE PREGOEIROS QUE SERÁ REALIZADO NOS DIAS 14 A 17/03/2016.,Diária,"R$ 1.146,69",Diretoria Administrativa - Dirad,14/03/2016,Foz do Iguaçu-PR
Dilson do Espírito Santo Filho,Participar DO 11º CONGRESSO BRASILEIRO DE PREGOEIROS QUE SERÁ REALIZADO NOS DIAS 14 A 17/03/2016.,Diária,"R$ 1.146,69",Diretoria Administrativa - Dirad,14/03/2016,Foz do Iguaçu-PR
Everaldo Augusto,"Participar DE AUDIÊNCIA COM A SECRETARIA DE PATRIMÔNIO DA UNIÃO - SPU, DESTINADA A DISCUTIR AS IMPLICAÇÕES DA PROPOSTA DE EMENDA CONSTITUCIONAL Nº 039/11 NA CIDADE HISTÓRICA DE SALVADOR, NO DIA 11/03/2016.",Diária,"R$ 398,65",Everaldo Augusto,11/03/2016,Brasília
PAULO MAGALHÃES JUNIOR,"Participar DE REUNIÃO NO MINISTÉRIO DAS CIDADES,A QUAL TRATARÁ DA MOBILIDADE URBANA(BRT),NO DIA  05/11/2015,EM BRASILIA-DF.",Diária,"R$ 481,77",Paulo Magalhães Júnior,05/11/2015,BRASILIA
PAULO CÂMARA,"Participar DE COMPROMISSOS INSTITUCIONAIS E REUNIÕES PERTINENTES À REFORMA POLÍTICA, NO DIA 16/09/2015, EM BRASÍLIA.",Diária,"R$ 336,00",Paulo Câmara,15/09/2015,BRASILIA-DF
CARLOS LIMA .C.NETO DIRETOR LEGISLATIVO,"Participar DE SEMINÁRIO DE REFORMA POLÍTICA A SER REALIZADA NOS DIAS 10 E 11/09/2015, EM BRASILIA.",Diária,"R$ 302,75",Presidência,10/09/2015,BRASILIA
KIKI BISPO,"Participar DE QUESTÕES POLÍTICAS PARTIDÁRIAS E ASSUNTOS PERTINENTES À MESA DIRETORA DO CONGRESSO NACIONAL, NOS DIAS 09 E 10/09/2015, EM BRASÍLIA.",Diária,"R$ 304,85",Kiki Bispo,09/09/2015,BRASILIA
LEANDRO GUERRILHA,"Participar DE REUNIÃO COM DEPUTADO SÓSTENES CAVALCANTE(PSD-RJ)PRESIDÊNTE DA COMISSÃO QUE ANALISA A CRIAÇÃO DO ESTATUTO DA FAMILIA, NO DIA 09/09/2015 EM BRASILIA",Diária,"R$ 304,85",Leandro Guerrilha,09/09/2015,BRASILIA
Paulo Câmara,"CUMPRIR COMPROMISSOS INSTITUCIONAIS E PARTICIPAR DE REUNIÕES PERTINENTES À REFORMA POLÍTICA, NO DIA 26/08/2015.",Diária,"R$ 168,00",Paulo Câmara,26/08/2015,Brasília - DF
PRESIDÊNCIA,Participar DO FÓRUM DE DIREITO ELEITORAL NO DIA 24/08/2015 EM BRASILIA-DF.,Diária,"R$ 252,00",Diretoria Legislativa - Direl,24/08/2015,BRASILIA-DF
HENRIQUE SANTANA CARBALLAL,"Participar DE DIVERSAS REUNIÕES QUE ARTICULAM A VINDA DE BENEFÍCIOS IMPORTANTES PARA A CIDADE DE SALVADOR, A EXEMPLO DA INSTALAÇÃO DO MUSEU DA MÚSICA BRASILEIRA E DA EMPRESA ESTADUNIDENSE TASER EM SALVADOR, E COM O DEPUTADO FEDERAL PENNA, NOS DIAS 23 A 26/08/2015, EM SÃO PAULO-SP.",Diária,"R$ 833,70",Henrique Carballal,23/08/2015,SÃO PAULO-SP
LUIZ CARLOS DE SOUZA,"Participar DA AUDIÊNCIA PÚBLICA QUE DEBATERÁ ""A CAPOEIRA NO BRASIL"", NA CÂMARA DOS DEPUTADOS NOS DIAS 23 A 25/08/2015 EM BRASILIA-DF.",Diária,"R$ 546,35",Luiz Carlos,23/08/2015,BRASILIA-DF
Leandro Guerrilha,"Participar DO PROJETO DE TRÂNSITO SEGURO, NO DIA 18/08/2015.",Diária,"R$ 411,78",Leandro Guerrilha,18/08/2015,Brasília - DF
Ana Rita Tavares,"Participar DE AUDIÊNCIA NA FRENTE PARLAMENTAR DE DEFESA DOS ANIMAIS DO CONGRESSO NACIONAL E PROJETOS NA CÂMARA MUNICIPAL, NO DIA 06/08/2015.",Diária,"R$ 252,00",Ana Rita Tavares,06/08/2015,Brasília - DF
Ana Rita Tavares,"Participar DE AUDIÊNCIA NA FRENTE PARLAMENTAR DE DEFESA DOS ANIMAIS DO CONGRESSO NACIONAL, NO DIA 16/07/2015.",Diária,"R$ 252,00",Ana Rita Tavares,16/07/2015,Brasília - DF
Paulo Câmara,"Participar , A CONVITE DA REDE LEGISLATIVA DE TV DA CÂMARA FEDERAL, DE DISCUSSÃO SOBRE ASSUNTOS RELEVANTES À PROGRAMAÇÃO E NOVOS CONTEÚDOS DOS CANAIS LEGISLATIVOS, NO DIA 18/06/2015.",Diária,"R$ 336,00",Paulo Câmara,18/06/2015,Brasília - DF
Everaldo Augusto,"Participar , COMO PALESTRANTE, DE SEMINÁRIO DA CENTRAL DOS TRABALHADORES E DAS TRABALHADORAS (CTB), NOS DIAS 29 A 30/05/2015.",Diária,"R$ 504,00",Everaldo Augusto,29/05/2015,São Paulo - SP
Sabá,"Participar , COMO MEMBRO E REPRESENTANTE DA COMISSÃO DE DESENVOLVIMENTO ECONÔMICO E TURISMO DA CMS, DE UM EVENTO SOBRE TURISMO, NOS DIAS 30 E 31/05/2015.",Diária,"R$ 504,00",Sabá,29/05/2015,São Paulo - SP
Cláudio Tinoco,"Participar DE REUNIÃO NA CÂMARA MUNICIPAL DE SÃO PAULO, VISANDO CONHECER  O SISTEMA DE TRAMITAÇÃO DAS LEIS ORÇAMENTÁRIAS E DE ELABORAÇÃO DE EMENDAS PARLAMENTARES, NOS DIAS 20 A 22/05/15.",Diária,"R$ 577,67",Claudio Tinoco,20/05/2015,São Paulo - SP
PAULO CÂMARA,Participar DE ACOMPANHAMENTO DE PROCESSOS PERTINENTES A CÂMARA MUNICIPAL DE SALVADOR EM BRASILIA NOS DIAS 16 E 17/03/2015.,Diária,"R$ 336,00",Paulo Câmara,13/03/2015,BRASILIA-DF
DILSON DO ESPIRITO SANTO FILHO,"Participar DO CONGRESSO BRASILEIRO DE PREGOEIRO OFERICIDO PELO INSTITUTO DE NEGÓCIOS PÚBLICOS,EM FOZ DE IGUAÇU NOS DIAS 16 Á 19/03/2015.",Diária,"R$ 1.091,41",Presidência,13/03/2015,FOZ DO IGUAÇU
VÂNIA GALVÃO,Participar DO II SEMÍNARIO DA REDE NACIONAL DE ATENÇÃO E AO ADOLESCENTE EM SITUAÇÃO DE RUA PROMOVIDO PELA SECRETARIA DOS DIREITOS HUMANOS DA PRESIDENCIA DA REPUBLICA.EM BRASILIA NOS DIA 18 E 19/03/2015.,Diária,"R$ 420,00",Vânia Galvão,13/03/2015,BRASILIA-DF
ROSÂNGELA K. P. ESTEVES,"Participar DO 6° FÓRUM NACIONAL DE MUSEU E COM PARTICIPAÇÃO NO MINICURSOS EM DOCUMENTAÇÃO MUSEUOLÓGICO,NOS DIAS 23 Á 28/11/2014",Diária,"R$ 943,40",Presidência,23/11/2014,BELÉM-PA
DANYELLA G. WANDERLEY,Participar DO 6° FÓRUM NACIONAL DE MUSEU.E COM PARTICIPAÇÃO NO MINICURSOS EM DOCUMENTAÇÃO MUSEUOLÓGICO NOS DIAS 23 Á 28/11/2014.,Diária,"R$ 1.113,00",Presidência,23/11/2014,BELÉM-PA
ANA RITA T. TEIXEIRA,"Participar DE AUDIENCIA C/AUTORIDADES PÚBLICAS PARA IMPLEMENTAÇÃO DE POLITICAS PÚBLICAS PARA OS ANIMAIS,NO DIA 21 E 22/11/2014",Diária,"R$ 252,00",Ana Rita Tavares,21/11/2014,são paulo-sp
JOSÉ RIBEIRO BOMFIM,Participar DO FÓRUM BRASIL DE COMUNICAÇÃO PÚBLICA 2014 DA FRENTE PARLAMENTA P/LIBERDADE E EXPRESSÃO E O DEREITO A COMUNICAÇÃO.COM PARTICIPAÇÃO POPULAR.EM BRASILIA NOS DIAS 12 Á 14/11/2014,Diária,"R$ 525,00",Presidência,12/11/2014,BRASILIA-DF
ANA RITA TAVARES,Participar DE AUDIÊNCIA COM AUTORIDADE PARA IMPLANTAÇÃO DE POLITICAS PARA OS ANIMAIS NOS DIAS 22 E 23/10/2014 EM BRASILIA-DF.,Diária,"R$ 378,00",Ana Rita Tavares,22/10/2014,BRASILIA - DF
JOSÉ RIBEIRO BOMFIM,Participar  DE UMA REUNIÃO GERAL DA REDE LEGISLATIVA DE RADIO E TV NA CÂMARA MUNICIPAL DE SÃO PAULO NO DIA 27/08/2014.,Diária,"R$ 357,00",Presidência,26/08/2014,SÃO PAULO - SP
MOISÉS ROCHA DOS SANTOS,"Buscar informações sobre A COMISSÃO ESPECIAL DO CARNAVAL E O PODER LEGISLATIVO DE SALVADOR NO EVENTO CARNAVALIA NOS DIAS 31/07 Á 02/08/2014, NO RIO DE JANEIRO.",Diária,"R$ 680,40",Moisés Rocha,31/07/2014,RIO DE JANEIRO - RJ
ANA RITA TAVARES TEIXEIRA,"Participar DE AUD. COM AUTORIDADES PÚBLICAS PARA IMPLEMENTAÇÃO DE POLÍTICAS PÚBLICAS PARA OS ANIMAIS NOS DIAS 24 E 25/07/2014, EM BRASILIA.",Diária,"R$ 428,40",Ana Rita Tavares,24/07/2014,BRASILIA-DF
PAULO CÂMARA,Participar DO XIII ENCONTRO VERDE DAS AMÉRICAS (GREENMEETIG) Á SER REALIZADA EM BRASILIA NOS DIAS 27 E 28/05/2014.,Diária,"R$ 504,00",Paulo Câmara,27/05/2014,BRASILIA-DF
OSVALDO ALMEIDA LYRA JUNIOR,Participar DA 5ª REUNIÃO DE REPRESENTAÇÃO DO INTERLEGIS. COM A DIRETORIA DO PROGAMA. NO SENADO FEDERAL EM BRASILIA NO DIA 23/05/2014.,Diária,"R$ 147,00",Paulo Câmara,23/05/2014,BRASILIA-DF
JOSÉ RIBEIRO BOMFIM,Participar  DA 18ª CNLE-CONFERÊNCIA NACIONAL DOS LEGISLADORES E LEGISLATIVOS ESTADUAIS 2014 EM BRASILIA NOS DIAS 05 Á 08/05/2014.,Diária,"R$ 693,00",Paulo Câmara,05/05/2014,BRASILIA-DF
VER. MARCELL MORAES,"Participar DO EVENTO ECONOMIA VERDE, TEMA DA 5º, ESTAÇÃO ECOLÓLOGICA NORTH SHOPPING, QUE SERÁ REALIZADO EM FORTALEZA NOS DIAS 13 Á 17/03/2014.",Diária,"R$ 1.008,00",Marcell Moraes,13/03/2014,FORTALEZA/ CE
,"Participar DA MACHA DE DEFESA ANIMAL,A FAVOR DO AUMENTO DAS PENAS DE MAUS TRATOS AOS ANIMAIS, EM VITORIA DA CONQUISTA NO DIA 13 Á 16/02/2014.",Diária,"R$ 415,80",Marcell Moraes,13/02/2014,VITORIA DA CONQUISTA-BA
,Visitar COM FINALIDADE DE CONHECER O 1° E 2° HOSPITAL PÚBLICO VETERINÁRIO DO BRASIL NA CIDADE DE SÃO PAULO NO PERÍODO DE 08/02 Á 09/02/2014.,Diária,"R$ 252,00",Marcell Moraes,06/02/2014,SÃO PAULO
EVERALDO AUGUSTO,"Participar DO SEMINARIO  DA CENTRAL DE TRABALHADORES E TRABALHADORAS-CTB, NOS DIAS 13/11 aA 16/11/2013 NA  CIDADE DE SÃO PAULO/SP.",Diária,"R$ 756,00",Everaldo Augusto,12/11/2013,SÃO PAULO/SP
LEANDRO ALVES DIAS,"Participar DA VENERANDA CASA, NO ATO DA ASSINATURA DE DECRETO DE CONVERSÃO DAS RADIOS AM PARA FM NA CIDADE DE BRTASILIA NOS DIAS 06 A 08/11/2013.",Diária,"R$ 579,60",Leandro Guerrilha,06/11/2013,brasilia/df
SILVIO HUMBERTO,"Participar DA CERIMONIA DE ABERTURA DA 3ª CONFER~ENCIA NACIONAL DE PROMOÇÃO DA IGUALDADE RACIAL-III CONAPIR, REALIZADO MNO CENTRO DE CONV. DO BRASILIL XXI, NO DIA 05/11/2013, NA CIDADE DE BRASILIA/DF.",Diária,"R$ 176,40",Sílvio Humberto,05/11/2013,SALVADOR/BRASILIA
MOISÉS ROCHA,Participar DO DEBATE E DISCURSSÃO SOBRE O PL 4330 QUE REGULAMENTA AS TERCEIRIZAÇÃO EM BRASILIA NO DIA 24/10/2013,Diária,"R$ 326,60",Moisés Rocha,23/10/2013,BRASILIA/DF
ANA RITA TAVARES TEIXEIRA,Participar ACOMPANHAMENTO DE PROCESSO JURIDICO REF. A PROJETO DE LEI PARA REVISÃO DO CÓDIGO PENAL BRASILEIRO: E GESTÕES JUNTO Á FRENTE PARLAMENTAR EM DEFESA DOS ANIMAIS DA C. FEDERAL NO DIA 09/10/2013 EM BRASILIA.,Diária,"R$ 126,00",Ana Rita Tavares,09/10/2013,BRASILIA/DF
LUIZ CARLOS SOUZA,"Participar DE ASSUNTOS PERTINENTES DE INTERESES DA POPULAÇÃO RELACIONADOS A JUVENTUDE, NO DIA 27/09/2013, NA CIDADE DE
BRASILIA/DF.",Diária,"R$ 176,40",Luiz Carlos,26/09/2013,BRASILIA/DF
ISNARD ARAÚJO,Participar DE AUDIÊNCIA COM O EXCELENTISSIMO SENHOR MINISTRO DOS TRANSPORTE  CÉSAR BORGES NO DIA 24/09/2013 EM BRASILIA-DF.,Diária,"R$ 378,00",Isnard Araújo,24/09/2013,BRASILIA-DF
TIA ERON,"Participar DE AUDIÊNCIA COM O EXCELENTISSIMO SENHOR MINISTRO DOS TRANSPORTE CÉSAR BORGES NO DIA 24/09/2013, EM BRASILIA-DF.",Diária,"R$ 378,00",Tia Eron,24/09/2013,BRASILIA-DF
PAULO CÃMARA,"Participar NA AUDIÊNCIA PÚBLICA COM EXCELENTISSIMO ARNALDO STEVES (STJ),
PAUTA : VOTO ABERTO,  ACONTECERÁ EM BRASILIA NO DIA 12/09/2013",Diária,"R$ 235,20",Paulo Câmara,11/09/2013,BRASILIA/DF
GILDASIO RODRIGUES ALVES,"Participar NA AUDIÊNCIA  COM EXCELENTISSIMO ARNALDO STEVES (STJ), PAUTA:
VOTO ABERTO, ACONMTECERÁ EM BRASILIA NO DIA 12/09/2013.",Diária,"R$ 133,00",Procuradoria Jurídica - Projur,11/09/2013,BRASILIA
SILVIO HUMBERTO,Participar DA III CUMBRE MUNDIAL DE ALCALDES E LIDERANÇAS AFROS NA CIDADE DE CALI-CATARGENA-COLÔMBIA NO PERIODO DE 12/09 Á 18/09/2013,Diária,"R$ 5.129,60",Sílvio Humberto,11/09/2013,COLÔMBIA
ANA RITA TAVARES,"Participar da reunião com 1a.  Dama de Porto Alegre e Secretario Especial dos Dereitos dos Animais eo Presidente da F. Parlamentar, Defesa dos Animais,Deputado Ricardo Izar, em Brasilia-Df no dias 10/09 á 12/09/2013.",Diária,"R$ 504,00",Ana Rita Tavares,09/09/2013,BRASILIA-DF
Paulo Sérgio de Sá Bittencourt Cãmara,"Participar da Audiência Publica sobre o Voto aberto, a ser realizado na cidade de Brasilia, no dia 03/09/2013.",Diária,"R$ 168,00",Paulo Câmara,03/09/2013,BRASILIA/DF
Everaldo Augusto,Participar do 3º Congresso Nacional da Central dos Trabalhadores e Trabalhadoras do Brasil nos dias 22 á 24/08/2013 em São Paulo.,Diária,"R$ 579,60",Everaldo Augusto,21/08/2013,SÃO PAULO
PAULO CÂMARA,"Visitar PARA ACOMPANHAR PROCESSO DE INTERESSE DA CÂMARA MUNICIPAL DO SALVADOR JUNTO AO SUPERIOR TRIBUNAL DE JUSTIÇA, NO DIA 20/08/2013,NA CIDADE DE BRASILIA-DF.",Diária,"R$ 235,20",Paulo Câmara,20/08/2013,BRASILIA-DF
SOLDADO PRISCO,Participar DE AUDIENCIAS COM PARLAMENTARES DA BANCADA DE OPOSIÇÃO NA CÂMARA E SENADO NO DIA 20 Á 22/08/2013.,Diária,"R$ 680,40",Soldado Prisco,20/08/2013,BRASILIA-DF
SILVIO HUMBERTO,Participar COMO PALESTRANTE DO INTERRE DE JUVENTUDES DO NORDESTE NO DIA 09/08/2013 NA CIDADE DE OLINDA-PE.,Diária,"R$ 428,40",Sílvio Humberto,09/08/2013,OLINDA-PE
Luiz Carlos de Souza,"Participar do Ato de aprovação, e, consequentemente sanção presidencial do Estato da Juventud, dispondo sobre os direitos dos jovens, no dia 04/08 a 05/08/2013, na cidade de Brasilia.",Diária,"R$ 378,00",Luiz Carlos,04/08/2013,BRASILIA
JOCEVAL RODRIGUES DOS SANTOS,"Participar Do evento que será realizado no comitê de integração Latioamericano de Parlamentos Municipais em Puerto Iguazú-Missiones-República Argentina, nos de 12 a 14/06/13.",Diária,"R$ 579,60",Joceval Rodrigues,11/06/2013,SSA/FOZ DO IGUAÇÚ
Moisés Rocha,"Participar DA COMPOSIÇÃO DA MESA, NA SESSÃO SOLENE EM HOMENAGEM AOS 39 ANOS (ASTAPE)NA CÂMARA DOS DEPUTADOS EM BRASILIA-DF NO DIA 17/05/2013.",Diária,"R$ 176,40",Moisés Rocha,17/05/2013,BRASILIA-DF
Ana Rita Tavares,Visitar PARA CONHECER Á SECRETARIA ESPECIAL DOS ANIMAIS (SEDA) EM PORTO ALEGRE NO DIA 07/05/2013 á 10/05/2013.,Diária,"R$ 756,00",Ana Rita Tavares,07/05/2013,PORTO ALEGRE - RS
Soldado Prisco,"Participar DO SEMINARIO ""UMA NOVA SEGURANÇA PARA O BRASIL "" REPRESENTANDO Á CÂMARA MUNICIPAL DE SALVADOR EM BRASILIA NOS DIAS 23 E 24 DE ABRIL DE 2013.",Diária,"R$ 428,40",Soldado Prisco,23/04/2013,BRASILIA-DF
SILVIO HUMBERTO,Participar NA CERIMONIA ALUSIVA AOS 10 ANOS DE CRIAÇÃO DA SEC. DE POLITICAS DE PROMOÇÃO DA IGUALDADE RACIAL(SEPPIR) A SER REALIZADA EM BRASILIA NO DIA 21/03/2013.,Diária,"R$ 176,40",Sílvio Humberto,21/03/2013,BRASILIA
Tia Eron,"Participar DA PALESTRA ""A MULHER E A POLITICA"", QUE SERÁ REALIZADA NO RIO DE JANEIRO NO DIA 21,22 E 23/03/2013.",Diária,"R$ 579,60",Tia Eron,21/03/2013,RIO DE JANEIRO
ANA RITA TAVARES,Participar DA SOLENIDADE DE INSTALAÇÃO DOS TRAB. DA FRENTE PARLAMENTAR DE DEFESA DOS ANIMAIS EM BRASILIA NOS  DIAS 19 E 20/03/2013,Diária,"R$ 327,60",Ana Rita Tavares,19/03/2013,BRASILIA
SORAYA PUBLIO DE CASTRO MESQUITA,"Participar DA SERVIDORA DA TV CÃMARA NO EVENTO WORKDHOP SOBE TV DIGITAL E LANÇAMENTO DA REVISTA DA ASSOCIAÇÃO  BRASILEIRA DE TV""S E RADIOS LEGIS. A SI REALIZAR  NA ASSEMBLEIA LEGISLATIVA NOS DIAS 21 E 22/03/2013.",Diária,"R$ 380,00",Diretoria Administrativa - Dirad,28/02/2013,SÃO PAULO/SP
ARNANDO LESSA,Participar DO CONVÊNIO QUE VIABILIZARÁ IMPLANTAÇÃO DA TV CÂMARA SALVADOR PARA O CANAL ABERTO E SINAL DIGITAL.,Diária,"R$ 235,20",Arnando Lessa,27/02/2013,BRASILIA
OSVALDO A. LYRA JUNIOR,Participar DO CONVÊNIO QUE VIABILIZARÁ IMPLANTAÇÃO DA TV CÂMARA SALVADOR PARA O CANAL ABERTO E SINAL DIGITAL,Diária,"R$ 235,20",Diretoria Administrativa - Dirad,27/02/2013,BRASILIA
CARLOS ALBERTO FAGUNDES,Participar DO CONVÊNIO QUE VIABILIZARÁ IMPLANTAÇÃO DA TV CÂMARA SALVADOR PARA O CANAL ABERTO E SINAL DIGITAL,Diária,"R$ 235,20",Diretoria Administrativa - Dirad,27/02/2013,BRASILIA
DUDA SANCHES,"Participar VIAGEM PARA BRASILIA P\DISCUTIR INVÉSTIMENTOS FEDERAIS P\INFRAESTRUTURA NA CIDADE DO SALVADOR,ATRAVÉS DE EMENDAS ORÇAMENTARIAS.",Diária,"R$ 176,40",Duda Sanches,27/02/2013,SALVADOR-BRASILIA
,Participar DO CONVÊNIO QUE VIABILIZARÁ IMPLANTAÇÃO DA TV CÂMARA SALVADOR PARA O CANAL ABERTO E SINAL DIGITAL,Diária,"R$ 235,20",Paulo Câmara,27/02/2013,BRASILIA
Lucy de Jesus Caldeira da Costa,"Participar do curso de Cerimonial no Ambiente Legislativo, nos dias 03 e 04/09/2012,Em Brasilia-DF.",Diária,"R$ 302,60",Diretoria Administrativa - Dirad,30/08/2012,Brasilia
ALADILCE SOUZA,"Participar DE AUDIÊNCIA COM O LIDER DO GOV. NA CAMARA COM O DEPUTADO ARLINDO CHINAGLIA, PARA TRATAR DA SITUAÇÃO DO PROJETO LEI Nº 2295/00,  QUE ESTABELECE JORNADA DE 30 HORAS PARA TRABALHADORES DE EMFERMAGEM NO DIA 10/07/2012",Diária,"R$ 126,00",Aladilce Souza,10/07/2012,DISTRITO FEDERAL
VERA MARIA LIMA BRANDÃO,"DIARIAS PARA PARTICIPAR  VIII FÓRUM DE DIRETORES-GERAIS DE CASAS LEGISLATIVAS, QUE ACONTECERÁ NOS DIAS 29, 30, 31 E 01/06/2012, NA CIDADE DE NATAL/(RN) , DURANTE A REUNIÃO DA UNALE.",Diária,"R$ 570,00",Diretoria Administrativa - Dirad,29/05/2012,NATAL/RN
MARIA OLIVIA SANTANA,"DIARIAS  PARA PARTICIPAR DA MESA DA AUDIENCIA PÚBLICA, QUE DEBATERÁ OS DEZ ANOS DA LEI DE COTAS, A SER REALIZADA NO DIA 29/05/2012, NA CÂMARA DOS DEPUTADOS EM BRASILIA/DF.",Diária,"R$ 176,40",Olívia Santana,22/05/2012,BRASILIA/DF
ALAN DE CASTRO DAYUBE,DIARIA PARA TRATART DE ASSUNTOS RELACIONADOS A PREPOSIÇÕES LEGISLATIVAS DE INTERESSE DESTE MUNICIPIO NO DIA 23/04/2012.,Diária,"R$ 176,40",Alan Castro,16/04/2012,brasilia
HENRIQUE NSANTANA CARBALLAL,"REPRESENTAR ESTA CASA NO SEMINARIO SOBRE SINDROME DE DOWN, NA COMISSÃO ESPECIAL DA PESSOA COM DEFICIENCIA NA ASSEMBLEIA LEGISLATIVA DO  DO ESTADO DO RIO DE JANEIRO NO PERIODO DE 26/03 A 29/03/12.",Diária,"R$ 756,00",Henrique Carballal,20/03/2012,RIO DE JANEIRO
ADRIANO BARBOSA MEIRELES,"DIARIAS NO PERIODO DE 09 A 12/ 04/2012  VIAJANDO COMO VICE-PRESIDENTE DA COMISSÃO DE TRANSPORTES DE SSA, EM BUSCA DE SOLUÇÕES PARA OS PROBLEMAS E BUSCAR INFORMAÇÕES DO MIN. DOS TRANSPORTE EM BRASILIA.",Diária,"R$ 882,00",Adriano Meireles,03/02/2012,BRASILIA
JORGE EDUARDO DE SHOUCAIR JAMBEIRO,"DIARIAS PARA PARTICIPAR DO 1º SIMPÓSIO INTERNACIONAL DE HANSENIASE E DIREITOS HUMANOS, A SER REALIZADO NA CIDADE DO RIO DE JANEIRO NO DIA 31/01/2012. a 01/02/2012.",Diária,"R$ 327,60",Jorge Jambeiro,30/01/2012,RIO DE JANEIRO
André de Jesus Silva e Silva,"Diárias par participar da 4ª Conferência Estadual de Cultura da Bahia, a realizar-se no período de 30/11/2011 à 03/12/2011, na Cidade de Vitória da Conquista-BA.",Diária,"R$ 420,00",Heber Santana,29/11/2011,Vitória da Conquista
Edson Alves de Brito,"Diárias para participar do Evento que será realizado pela Confederação  Brasileira de Capoeira no Estado do Espirito Santo, nos dias 25 à  27/11/2011.",Diária,"R$ 504,00",Edson da União,25/11/2011,Espirito Santo
Legsamon Garcia Mustafa,"Diárias para participar do Evento que será realizado pela Confederação Brasileira de Capoeira no Estado do Espirito Santo, nos dias 25 à 27/11/2011.",Diária,"R$ 504,00",TC Mustafa,25/11/2011,Espirito Santo
Vânia Maria Galvão de Carvalho,"Diárias para participar do (Seminário Internacional: 10 Anos do Estatuto da Cidade), a ser realizado nos dias 25, 26 e 27/10/2011, no Centro de Eventos e Treinamento (CET/CNTC) em Brasília.",Diária,"R$ 680,40",Vânia Galvão,25/10/2011,SSA/BSB/SSA
Alcindo da Anunciação,"Diárias para participar do 25º Seminário  Nacional ""A Evolução da Mobilidade Urbana"" promovido pela Associação  Nacional das Empresas de Transportes Urbanos (NTU), nos dias 25 e  26/08/2011 em São Paulo.",Diária,"R$ 504,00",Alcindo da Anunciação,23/08/2011,SSA/SP/SSA
Jorge Eduardo de Shoucair Jambeiro,"Diárias para participar do 25º Seminário Nacional ""A Evolução da Mobilidade Urbana"" promovido pela Associação Nacional das Empresas de Transportes Urbanos (NTU), nos dias 25 e 26/08/2011 em São Paulo.",Diária,"R$ 504,00",Jorge Jambeiro,23/08/2011,SSA/SP/SSA
Claudia Patricia Diniz Correia,"Diárias para participar do ""7º Seminário Nacional de Ouvidores e Ouvidorias"", no periodo de 24 à 26/08/2011 em Curitiba.",Diária,"R$ 630,00",Olívia Santana,23/08/2011,SSA/PR/SSA
PAULO MAGALHÃES JR,"Diárias para buscar informações junto à Câmara Federal, sobre a Mobilidade Urbana e dar sugestões para a realização de Obras do Setor de Transporte no Município de Salvador, no periodo de 13 a 15/07/2011 em Brasília.",Diária,"R$ 504,00",Paulo Magalhães Júnior,13/07/2011,SSA/BSB/SSA
Moisés Rocha dos Santos,"Diárias para participar da Sessão Especial em comemoração ao Dia da Independência da Bahia, representando este Poder Legislativo no Senado Federal, nos dias 04 e 05/07/2011 em Brasília.",Diária,"R$ 428,40",Moisés Rocha,30/06/2011,SSA/BSB/SSA
GILMAR SANTIAGO,Diária para Visitar a Prefeitura Municipal de Recife com Objetivo de Conhecer os Projetos de Infra-estrutura e Mobilidade Urbana no dia 17/06/2011.,Diária,"R$ 252,00",Gilmar Santiago,16/06/2011,SSA/REC/SSA
Maria Aladilce de Souza,"Diária para participar do Seminário Nacional ""Governar para um Novo Projeto Nacional de Desenvolvimento"", à  ser realizado nos dias 17 e 18/06/2011 em Brasília.",Diária,"R$ 378,00",Aladilce Souza,15/06/2011,SSA/BSB/SSA
Henrique Santana Carballal,"Diárias para visitar a Câmara Municipal da Cidade de São Paulo (SP), a convite do Vereador Netinho de Paula, 1º Secretário da referida cidade, no período de 30/05/2011 à 01/06/2011.",Diária,"R$ 504,00",Henrique Carballal,27/05/2011,SSA/SP/SSA
Jucimary Pereira Lobo Melo,"Normal
0
21


false
false
false







MicrosoftInternetExplorer4






/* Style Definitions */
table.MsoNormalTable
{mso-style-name:""Tabela normal"";
mso-tstyle-rowband-size:0;
mso-tstyle-colband-size:0;
mso-style-noshow:yes;
mso-style-parent:"""";
mso-padding-alt:0cm 5.4pt 0cm 5.4pt;
mso-para-margin:0cm;
mso-para-margin-bottom:.0001pt;
mso-pagination:widow-orphan;
font-size:10.0pt;
font-family:""Times New Roman"";
mso-ansi-language:#0400;
mso-fareast-language:#0400;
mso-bidi-language:#0400;}

Diárias para observar in loco os ítens referentes ao sigilo e segurança do parque gráfico da empresa AOCP - CONCURSOS PÚBLICOS, no período de 02 à 04/06/2011, em Maringá/PR.",Diária,"R$ 504,00",Presidência,27/05/2011,SSA/MARINGÁ/SSA
Tatiana Valentina Goés e Fernandes,"Normal
0
21


false
false
false







MicrosoftInternetExplorer4






/* Style Definitions */
table.MsoNormalTable
{mso-style-name:""Tabela normal"";
mso-tstyle-rowband-size:0;
mso-tstyle-colband-size:0;
mso-style-noshow:yes;
mso-style-parent:"""";
mso-padding-alt:0cm 5.4pt 0cm 5.4pt;
mso-para-margin:0cm;
mso-para-margin-bottom:.0001pt;
mso-pagination:widow-orphan;
font-size:10.0pt;
font-family:""Times New Roman"";
mso-ansi-language:#0400;
mso-fareast-language:#0400;
mso-bidi-language:#0400;}

Diárias para observar in loco os ítens referentes ao sigilo e segurança do parque gráfico da empresa AOCP - CONCURSOS PÚBLICOS, no período de 02 à 04/06/2011, em Maringá/PR.",Diária,"R$ 504,00",Presidência,27/05/2011,SSA/MARINGÁ/SSA
Orlando Pereira Palhina,"Normal
0
21


false
false
false







MicrosoftInternetExplorer4






/* Style Definitions */
table.MsoNormalTable
{mso-style-name:""Tabela normal"";
mso-tstyle-rowband-size:0;
mso-tstyle-colband-size:0;
mso-style-noshow:yes;
mso-style-parent:"""";
mso-padding-alt:0cm 5.4pt 0cm 5.4pt;
mso-para-margin:0cm;
mso-para-margin-bottom:.0001pt;
mso-pagination:widow-orphan;
font-size:10.0pt;
font-family:""Times New Roman"";
mso-ansi-language:#0400;
mso-fareast-language:#0400;
mso-bidi-language:#0400;}

Diárias para observar in loco os ítens referentes ao sigilo e segurança do parque gráfico da empresa AOCP - CONCURSOS PÚBLICOS, no período de 02 à 03/06/2011, em Maringá/PR.",Diária,"R$ 378,00",Orlando Palhinha,26/05/2011,SSA/MARINGÁ/SSA
Paulo Sérgio P. de Magalhães Júnior,"Diária para Reunião com Deputados para buscar informações e também contribuir com sugestões, objetivando obter recursos, destinados ao Município de Salvador, no período de 24 à 26/05/2011 em Brasília.",Diária,"R$ 504,00",Paulo Magalhães Júnior,24/05/2011,SSA/BSB/SSA
José Carlos de Carvalho Pitangueira,"Diária para sugerir Emendas destinadas ao Município de Salvador, no dia 09/05/2011 em Brasília.",Diária,"R$ 176,40",Dr. Pitangueira,09/05/2011,SSA/BSB/SSA
Vânia Maria Galvão de Carvalho,"Diária para participar do Seminário ""Mulheres e Reforma Política"", a ser realizado na Câmara dos Deputados e no Senado Federal, no dia 10/05/2011 em Brasília.",Diária,"R$ 176,40",Vânia Galvão,06/05/2011,SSA/BSB/SSA
Gilmar Carvalho Santiago,"Diária para reuniões no Ministério do Desenvolvimento Agrário (MDA) e Senado Federal, para informações sobre programas e emendas destinadas ao Município de Salvador, no dia 06/05/2011 em Brasília.",Diária,"R$ 176,40",Gilmar Santiago,05/05/2011,SSA/BSB/SSA
Maria Olívia Santana,"Diárias para participar da Concentração para a Reforma Política, realizada pela União de Vereadores, no período de 09 à 12/05/2011 em Brasília.",Diária,"R$ 932,40",Olívia Santana,05/05/2011,SSA/BSB/SSA
Carlos da Silva Muniz,"Diárias para visitar a Câmara Municipal do Rio de Janeiro, visando conhecer a estrutura e assim trocar experiências e ver inovações para aplicar nesta casa Legislativa, no período de 27 à 29/04/2011.",Diária,"R$ 680,40",Carlos Muniz,26/04/2011,SSA/RJ/SSA
JOCEVAL RODRIGUES DOS SANTOS,"DIARIA PARA PARTICIPAR DA AUDIÊNCIA NO MINISTERIO DAS CIDADES COM O SECRETARIO EXECUTIVO EM BRASILIA
PARA TRATAR DE ASSUNTOS PERTINENTES AO MUNICIPIO DE SALVADOR NOS  DIAS 05 E 06/04/11.",Diária,"R$ 327,60",Joceval Rodrigues,04/04/2011,SSA/BRS/DF
VANIA GALVÃO,01 DIÁRIA PARA PARTICIPAR DA SOLENIDADE DE COMEMORAÇÃO DOS 08 ANOS DA SECRETARIA ESPECIALDE POLITICAS DE PROMOÇÃO DA IGUALDADE RACIAL NA CIDADE DE BRASILIA.,Diária,"R$ 252,00",Vânia Galvão,17/03/2011,SSA/BSB/SSA
Maria Olívia Santana,"Participar de Audiência com Excelentíssima Sra. Luiza Bairros, Ministra de Estado da Secretaria Especial de Políticas de Promoção da Igualdade Racial, no dia 17/02/2011 em Brasília.",Diária,"R$ 176,40",Olívia Santana,17/02/2011,SSA / BSB / SSA
Edson Alves Brito,"Para ser homenageado com o Prêmio Imprensa e Prêmio Integração, que homenageia personalidades que foram destaque no ano de 2010, no dia 16/02/2011 em Brasília.",Diária,"R$ 252,00",Edson da União,16/02/2011,SSA / BSB / SSA
Gilmar Santiago,Reunião no Ministério do Desenvolvimento Agrário para informações sobre programas do Ministério destinados ao Município de Salvador nos dias 11 e 12/02/2011 em Brasília.,Diária,"R$ 252,00",Gilmar Santiago,11/02/2011,SSA / BSB / SSA
Adriano Meireles,"Tratar de assuntos referentes ao Ministério dos Transportes e Ministério das Cidades nos dia 08, 09, 10 e 11/02/2011 em Brasília.",Diária,"R$ 932,40",Adriano Meireles,08/02/2011,SSA / BSB / SSA
Alcindo da Anunciação,"Visitar a bancada baiana no Congresso Nacional, pedindo mais empenho na apresentação de Emendas ao Orçamento da União, no dia 08/02/2011 em Brasília.",Diária,"R$ 176,40",Alcindo da Anunciação,08/02/2011,SSA / BSB / SSA
Joceval Rodrigues,"Visitar a bancada baiana no Congresso Nacional, pedindo mais empenho na  apresentação de Emendas ao Orçamento da União, no dia 08/02/2011 em  Brasília.",Diária,"R$ 176,40",Joceval Rodrigues,08/02/2011,SSA / BSB / SSA
Jorge Jambeiro,"Visitar a bancada baiana no Congresso Nacional, pedindo mais empenho na  apresentação de Emendas ao Orçamento da União, no dia 08/02/2011 em  Brasília.",Diária,"R$ 176,40",Jorge Jambeiro,08/02/2011,SSA / BSB / SSA
Laudelino Lau,"Visitar a bancada baiana no Congresso Nacional, pedindo mais empenho na  apresentação de Emendas ao Orçamento da União, no dia 08/02/2011 em  Brasília.",Diária,"R$ 176,40",Laudelino Lau,08/02/2011,SSA / BSB / SSA
Leo Kret do Brasil,"Participar de Reuniões e Audiências com o Ministério da Saúde e Secretaria Especial dos Direitos Humanos, no período de 08 à 10/02/2011 em Brasília.",Diária,"R$ 680,40",Leo Kret,08/02/2011,SSA / BSB / SSA
Orlando Palhinha,"Visitar a bancada baiana no Congresso Nacional, pedindo mais empenho na  apresentação de Emendas ao Orçamento da União, no dia 08/02/2011 em  Brasília.",Diária,"R$ 176,40",Orlando Palhinha,08/02/2011,SSA / BSB / SSA
Paulo Câmara,"Visitar a bancada baiana no Congresso Nacional, pedindo mais empenho na  apresentação de Emendas ao Orçamento da União, no dia 08/02/2011 em  Brasília.",Diária,"R$ 176,40",Paulo Câmara,08/02/2011,SSA / BSB / SSA
Balbino Santos de Carvalho,"Visitar a bancada baiana no Congresso Nacional, pedindo mais empenho na  apresentação de Emendas ao Orçamento da União, no dia 08/02/2011 em  Brasília.",Diária,"R$ 176,40",Sabá,08/02/2011,SSA / BSB / SSA
PAULO CÂMARA,Visitar o Congresso Nacional para conhecer a estrutura da casa e funcionamento da Tv com sinal aberto para compartilhar experiências e cooperar com a CMS.,Diária,"R$ 176,40",Paulo Câmara,01/02/2011,SSA / BSB / SSA
Joceval Rodrigues,Participar do Encontro com o Comitê Latino Americano de Parlamentos Municipais em Punta Del Leste no Uruguai.,Diária,"R$ 2.167,20",Joceval Rodrigues,08/12/2010,SSA / URY / SSA
Paulo Câmara,"Participar do Painel Advocacia Pública e seus Desafios, na Cidade de Belo Horizonte (MG).",Diária,"R$ 504,00",Paulo Câmara,02/12/2010,SSA / BH / SSA
Alan Sanches,"Participar da reunião do INTERLEGIS, para conhecer as bases do Convênio a ser firmado entre o Interlegis e a CMS, em BrasÍlia (DF).",Diária,"R$ 672,00",Alan Sanches,07/10/2010,SSA / BSB / SSA
Eric Gleidston Falcão Lins,"Participar da reunião do INTERLEGIS, para conhecer as bases do Convênio a  ser firmado entre o Interlegis e a CMS, em BrasÍlia (DF).",Diária,"R$ 672,00",Alan Sanches,07/10/2010,SSA / BSB / SSA
Jorge Jambeiro,"Participar do 23º Seminário Nacional 2010 da Associação Nacional das Empresas de Transportes Urbanos (NTU), em Brasília (DF).",Diária,"R$ 327,60",Jorge Jambeiro,17/08/2010,SSA / BSB / SSA
Paulo Câmara,"Participar do ""I Encontro Nordeste"" a convite do Comitê Nacional de Enfrentamento à Violência Sexual contra Crianças e Adolescentes, em Recife (PE).",Diária,"R$ 428,40",Paulo Câmara,09/06/2010,SSA / REC / SSA
Paulo Câmara,"Participar de Reunião com o Senador Sergio Guerra, para tratar de assuntos referentes à nossa Capital, em Brasília (DF).",Diária,"R$ 252,00",Paulo Câmara,09/04/2010,SSA / BSB / SSA
Vânia Maria Galvão de Carvalho,"Participar do Fórum Urbano Mundial: O Direito à Cidade. De Relevante Interesse Parlamentar, no Rio de Janeiro (RJ).",Diária,"R$ 1.260,00",Vânia Galvão,21/03/2010,SSA / RJ / SSA
Giovanni Iran Barreto Nascimento,"Acompanhamento da PEC-549, na Câmara dos Deputados, em Brasília (DF).",Diária,"R$ 428,40",Dr. Giovanni Barreto,09/03/2010,SSA / BSB / SSA
Henrique Carballal,Tratar de assuntos de interesse da cidade do Salvador.,Diária,"R$ 1.008,00",Henrique Carballal,03/03/2010,SSA / BSB / SP / SSA
Carlos Henrique da Cruz Dortas Matos,Discutir e receber a carta de Intenções do Projeto que visa tornar Salvador Cidade-Irmã de Belém na Palestina.,Diária,"R$ 210,00",Henrique Carballal,03/03/2010,SSA / BSB / SSA
HENRIQUE CARBALLAL,REUNIÃO SOBRE DIREITOS HUMANOS DA PESSOA COM DEFICIÊNCIA - 03 À 05/12/2009,Diária,"R$ 504,00",Henrique Carballal,03/12/2009,SSA/RJ/SSA
HENRIQUE CARBALLAL,"REUNIÃO COM O CONSUL GERAL DE CUBA, PARA DISCUTIR ASSUNTOS DE INTERESSE DA CIDADE DE SALVADOR",Diária,"R$ 504,00",Henrique Carballal,25/11/2009,SSA/SP/SSA
ANTONIO FERNANDO CARDOSO - CONTROLADOR,Participação no Seminário sobre Prevenção de Riscos e fraudes na Aud. Interna - 15 e 17/11/2009,Diária,"R$ 446,00",Presidência,15/11/2009,SSA/SP/SSA
ADNAILSON DE LIMA SANTOS - ASSESSOR TÉCNICO DIRAD,Participação no Seminário sobre as Novas Tendências nas Licitações - 09 a 11/11/2009,Diária,"R$ 504,00",Presidência,09/11/2009,SSA/AJU/SSA
FRANCISCO NETO B DOS REIS - PROCURADOR JURIDÍCO,Participação no Seminário sobre as Novas Tendências nas Licitações - 09 a 11/11/2009,Diária,"R$ 504,00",Presidência,09/11/2009,SSA/AJU/SSA
JOSÉ RODRIGUES NETO - ASSESSOR DIRFIN,Participação no Seminário sobre as Novas Tendências nas Licitações - 09 a 11/11/2009,Diária,"R$ 504,00",Presidência,09/11/2009,SSA/AJU/SSA
ERIC GLEIDSTON F. LINS - DIRETOR FINANCEIRO,Participação no Seminário sobre as Novas Tendências nas Licitações - 09 a 11/11/2009,Diária,"R$ 504,00",Presidência,09/11/2009,SSA/AJU/SSA
ANTONIO FERNANDO S BARROS - COMPEL,Participação no Seminário sobre as Novas Tendências nas Licitações - 09 a 11/11/2009,Diária,"R$ 504,00",Presidência,09/11/2009,SSA/AJU/SSA
WELLINGTON WANDERLEY SACRAMENTO - MEMBRO COMPEL,Participação no Seminário sobre as Novas Tendências nas Licitações - 09 a 11/11/2009,Diária,"R$ 504,00",Presidência,09/11/2009,SSA/AJU/SSA
Adriano Meireles,"A Convite para participar de Palestra sobre o Trânsito Urbano, como Vice Presidente da Comissão de Transporte.",Diária,"R$ 252,00",Adriano Meireles,01/10/2009,SSA/NVT/SSA
ANTONIO F. CARDOSO - CONTROLADOR,"Participação no Curso "" A Função de Controle na Governança Corporativa"" - 02 e 03/09/2009",Diária,"R$ 446,00",Presidência,02/09/2009,SSA/BRASILIA/SSA
Laudelino Lau,Participação no Curso de Capacitação para Vereadores - 15 a 17/0/09.,Diária,"R$ 504,00",Laudelino Lau,15/07/2009,SSA/RIO DE JANEIRO/SSA
Jorge Jambeiro,Participação no Seminário Nacional de Transportes Públicos - 14 a 15/07/09.,Diária,"R$ 252,00",Jorge Jambeiro,14/07/2009,SSA/SÃO PAULO/SSA
Alan Sanches,Tratar de assuntos referentes à PEC-47 - 02/06/09.,Diária,"R$ 235,00",Alan Sanches,02/06/2009,SSA/BRASÍLIA/SSA
Orlando Palhinha,Tratar de assuntos referentes à PEC-47 - 02/06/09.,Diária,"R$ 176,40",Orlando Palhinha,02/06/2009,SSA/BRASÍLIA/SSA
Alan Sanches,Tratar de assuntos referente à PEC-47 - 19 e 20/05/09.,Diária,"R$ 336,00",Alan Sanches,19/05/2009,SSA/BRASÍLIA/SSA
Paulo Câmara,Tratar de assuntos referentes à PEC-47 - 19 e 20/05/09.,Diária,"R$ 252,00",Paulo Câmara,19/05/2009,SSA / BSB / SSA
Alan Sanches,Audiência com o presidente da Câmara Municipal de São Paulo - 30/04 a 01/05/09.,Diária,"R$ 840,00",Alan Sanches,30/04/2009,SSA/SAO PAULO/SSA
Jorge Jambeiro,"Participação no Seminário ""Realidade e Perspectivas dos Municípios Brasileiros"" - 15 a 16/04/09.",Diária,"R$ 252,00",Jorge Jambeiro,15/04/2009,SSA/BRASÍLIA/SSA
Alberto Braga,Tratar de assuntos relacionados à Comissão de Constituição e Justiça e Redação Final - 14 a 15/04/09.,Diária,"R$ 252,00",Alberto Braga,14/04/2009,SSA/BRASÍLIA/SSA
Alan Sanches,Participação do Curso de Capacitação para Vereadores - 27 a 28/03/09.,Diária,"R$ 336,00",Alan Sanches,27/03/2009,SSA/RIO DE JANEIRO/SSA
Henrique Carballal,Visita à Fundação Ronaldinho Gaúcho - 27/03 a 02/04.,Diária,"R$ 1.512,00",Henrique Carballal,27/03/2009,SSA/POA/SSA
Carlos Muniz,Convidado para conhecer o funcionamento do sistema de traNsporte urbano de Aracaju - 12 a 13/03/09.,Diária,"R$ 252,00",Carlos Muniz,12/03/2009,SSA/ARACAJU/SSA
Joceval Rodrigues,participação do 2º Encontro de Legisladores e Governantes pela Vida no Congresso Nacional - 10 a 11/03/09.,Diária,"R$ 252,00",Joceval Rodrigues,10/03/2009,SSA/BRASÍLIA/SSA
Olívia Santana,Participação de reunião com Ministro-Chefe de Estado da Secretaria Especial de Políticada Promoção de Igualdade Racial - 12 a 13/02/09.,Diária,"R$ 252,00",Olívia Santana,12/02/2009,SSA/BRASÍLIA/SSA
Sidelvan Nóbrega,Participação de reunião administrativa na 1ª Secretaria da Câmara Federal - 11/02/09.,Diária,"R$ 176,40",Sidelvan Nóbrega,11/02/2009,SSA/BRASÍLIA/SSA
Everaldo Bispo,Participação do Curso de Capacitação de Vereadores - 05 a 06/02/09.,Diária,"R$ 252,00",Everaldo Bispo,05/02/2009,SSA/RJ/SSA
